"threshold","substring_match_precision","substring_match_recall","sequence_match_precision","sequence_match_recall","naive_match_precision","naive_match_recall"
"0.1","0.497808680995","0.678714859438","0.493324829932","0.666666666667","0.499567099567","0.672690763052"
"0.2","0.531132075472","0.660642570281","0.516377392078","0.678714859438","0.521091644205","0.684738955823"
"0.3","0.549509803922","0.660642570281","0.534149659864","0.687751004016","0.535351473923","0.691767068273"
"0.4","0.549131944444","0.610642570281","0.525601131542","0.657630522088","0.533946251768","0.675702811245"
"0.5","0.546875","0.522891566265","0.527106227106","0.597389558233","0.535590277778","0.629518072289"
"0.6","0.547344322344","0.508835341365","0.506628787879","0.559437751004","0.534920634921","0.585542168675"
"0.7","0.561833688699","0.404417670683","0.52662037037","0.458634538153","0.535714285714","0.475702811245"
"0.8","0.556500377929","0.373493975904","0.519617706237","0.415662650602","0.480267449446","0.411646586345"
"0.9","0.537445887446","0.291164658635","0.498271889401","0.313253012048","0.482426303855","0.317269076305"
