"threshold","substring_match_precision","substring_match_recall","sequence_match_precision","sequence_match_recall","naive_match_precision","naive_match_recall"
"0.1","0.46218487395","0.623333333333","0.447478991597","0.603333333333","0.447478991597","0.603333333333"
"0.2","0.48400297619","0.603333333333","0.461038961039","0.603333333333","0.444292717087","0.603333333333"
"0.3","0.512103174603","0.603333333333","0.488467261905","0.618333333333","0.472907647908","0.618333333333"
"0.4","0.498120300752","0.548333333333","0.471031746032","0.568333333333","0.46447467876","0.588333333333"
"0.5","0.469351570415","0.463333333333","0.438178780284","0.498333333333","0.449884792627","0.541666666667"
"0.6","0.501322751323","0.463333333333","0.448879551821","0.478333333333","0.458658008658","0.511666666667"
"0.7","0.488988095238","0.403333333333","0.450996677741","0.418333333333","0.487351190476","0.456666666667"
"0.8","0.475885225885","0.383333333333","0.461734693878","0.423333333333","0.463474025974","0.433333333333"
"0.9","0.486235119048","0.306666666667","0.46645021645","0.323333333333","0.423319327731","0.313333333333"
