"threshold","substring_match_precision","substring_match_recall","sequence_match_precision","sequence_match_recall","naive_match_precision","naive_match_recall"
"0.1","0.476600985222","0.553333333333","0.466089466089","0.598333333333","0.450937950938","0.578333333333"
"0.2","0.460796387521","0.531666666667","0.459211553474","0.561666666667","0.443839758125","0.561666666667"
"0.3","0.478037766831","0.551666666667","0.474778046812","0.561666666667","0.458391881343","0.561666666667"
"0.4","0.488756613757","0.528333333333","0.453443877551","0.501666666667","0.456547619048","0.541666666667"
"0.5","0.479989868288","0.463333333333","0.427944862155","0.488333333333","0.460714285714","0.541666666667"
"0.6","0.501322751323","0.463333333333","0.457857142857","0.478333333333","0.467151675485","0.511666666667"
"0.7","0.464866434379","0.403333333333","0.450996677741","0.418333333333","0.476443768997","0.436666666667"
"0.8","0.488408521303","0.383333333333","0.461734693878","0.423333333333","0.440746753247","0.423333333333"
"0.9","0.487044817927","0.316666666667","0.482142857143","0.353333333333","0.423319327731","0.313333333333"
