"threshold","substring_match_precision","substring_match_recall","sequence_match_precision","sequence_match_recall","naive_match_precision","naive_match_recall"
"0.1","0.552884920635","0.684738955823","0.53220699054","0.672690763052","0.530523488857","0.678714859438"
"0.2","0.58975122539","0.678714859438","0.543235205409","0.64859437751","0.542785376562","0.654618473896"
"0.3","0.595878956556","0.693775100402","0.551630658014","0.672690763052","0.545118220899","0.676706827309"
"0.4","0.605010733141","0.658835341365","0.56798478227","0.678714859438","0.561149105032","0.672690763052"
"0.5","0.659045584046","0.609229042153","0.631703590527","0.667283306454","0.622812846069","0.672927932201"
"0.6","0.647683663799","0.567629573412","0.663631946285","0.635300256143","0.666473009888","0.649981026468"
"0.7","0.703298826777","0.463496505708","0.680244530245","0.511594409133","0.679894142555","0.519531669987"
"0.8","0.747249809015","0.438691774974","0.676874443824","0.450645100085","0.652573895055","0.466614489454"
"0.9","0.756878306878","0.36941466654","0.668173735797","0.389494987825","0.653238959518","0.391503019954"
